timestamp,meter_id,building_id,fault_type,severity,duration_seconds,confirmed
2024-12-14 00:31:17.696933,meter_001,bldg_2,current_surge,high,102,False
2024-12-14 05:46:17.696933,meter_001,bldg_2,voltage_sag,medium,293,False
2024-12-15 09:31:17.696933,meter_001,bldg_2,current_surge,medium,38,False
2024-12-17 13:16:17.696933,meter_001,bldg_2,voltage_sag,medium,52,False
2024-12-17 16:46:17.696933,meter_001,bldg_2,harmonic_distortion,medium,251,True
2024-12-18 00:31:17.696933,meter_001,bldg_2,transient,low,140,True
2024-12-28 19:16:17.696933,meter_001,bldg_2,voltage_sag,low,103,True
2024-12-29 12:46:17.696933,meter_001,bldg_2,voltage_sag,high,132,False
2024-12-30 01:46:17.696933,meter_001,bldg_2,transient,low,176,False
2024-12-30 22:01:17.696933,meter_001,bldg_2,outage,medium,108,True
2025-01-02 07:46:17.696933,meter_001,bldg_2,voltage_sag,low,187,True
2025-01-03 09:16:17.696933,meter_001,bldg_2,voltage_swell,low,274,True
2025-01-05 01:01:17.696933,meter_001,bldg_2,outage,high,239,True
2025-01-05 22:46:17.696933,meter_001,bldg_2,current_surge,medium,119,True
2025-01-06 10:31:17.696933,meter_001,bldg_2,outage,medium,39,True
2025-01-11 18:46:17.696933,meter_001,bldg_2,voltage_swell,high,286,False
2025-01-12 13:16:17.696933,meter_001,bldg_2,transient,high,111,True
2025-01-14 14:46:17.696933,meter_001,bldg_2,outage,medium,291,False
2025-01-14 21:16:17.696933,meter_001,bldg_2,harmonic_distortion,low,209,False
2025-01-15 03:31:17.696933,meter_001,bldg_2,outage,high,228,True
2025-01-15 05:01:17.696933,meter_001,bldg_2,voltage_sag,high,167,True
2025-01-16 01:01:17.696933,meter_001,bldg_2,voltage_sag,high,169,True
2025-01-17 15:01:17.696933,meter_001,bldg_2,voltage_sag,low,253,True
2025-01-21 08:31:17.696933,meter_001,bldg_2,current_surge,low,114,True
2025-01-21 23:46:17.696933,meter_001,bldg_2,voltage_sag,medium,85,True
2025-01-22 23:16:17.696933,meter_001,bldg_2,voltage_sag,low,231,False
2025-01-24 21:46:17.696933,meter_001,bldg_2,current_surge,low,100,False
2025-01-27 17:31:17.696933,meter_001,bldg_2,current_surge,medium,59,False
2025-01-28 03:16:17.696933,meter_001,bldg_2,current_surge,high,41,False
2025-01-29 19:46:17.696933,meter_001,bldg_2,voltage_swell,medium,15,True
2025-01-30 03:01:17.696933,meter_001,bldg_2,transient,high,157,False
2025-02-03 02:01:17.696933,meter_001,bldg_2,harmonic_distortion,low,132,True
2025-02-06 02:31:17.696933,meter_001,bldg_2,voltage_swell,high,185,False
2025-02-06 16:16:17.696933,meter_001,bldg_2,harmonic_distortion,high,246,False
2025-02-06 17:46:17.696933,meter_001,bldg_2,harmonic_distortion,high,197,True
2025-02-07 00:01:17.696933,meter_001,bldg_2,transient,low,56,False
2025-02-10 10:31:17.696933,meter_001,bldg_2,outage,high,214,True
2025-02-13 13:31:17.696933,meter_001,bldg_2,current_surge,low,161,False
2025-02-13 21:46:17.696933,meter_001,bldg_2,current_surge,high,205,True
2025-02-14 22:46:17.696933,meter_001,bldg_2,voltage_swell,medium,205,True
2025-02-17 18:01:17.696933,meter_001,bldg_2,current_surge,medium,52,False
2025-02-21 03:16:17.696933,meter_001,bldg_2,voltage_sag,high,106,False
2025-02-21 03:46:17.696933,meter_001,bldg_2,voltage_swell,medium,83,False
2025-02-25 04:31:17.696933,meter_001,bldg_2,voltage_swell,low,190,False
2025-02-26 02:31:17.696933,meter_001,bldg_2,transient,low,145,False
2025-02-26 20:16:17.696933,meter_001,bldg_2,voltage_sag,low,109,True
2025-02-27 10:16:17.696933,meter_001,bldg_2,harmonic_distortion,medium,93,False
2025-02-28 00:16:17.696933,meter_001,bldg_2,current_surge,medium,247,True
2025-03-11 05:01:17.696933,meter_001,bldg_2,harmonic_distortion,low,170,True
2025-03-11 23:46:17.696933,meter_001,bldg_2,transient,medium,241,False
2025-03-12 05:01:17.696933,meter_001,bldg_2,current_surge,low,220,True
2025-03-17 19:01:17.696933,meter_001,bldg_2,harmonic_distortion,low,164,True
2025-03-21 16:46:17.696933,meter_001,bldg_2,harmonic_distortion,high,229,False
2025-03-25 10:31:17.696933,meter_001,bldg_2,current_surge,high,52,True
2025-03-29 22:01:17.696933,meter_001,bldg_2,voltage_swell,medium,59,True
2025-04-01 10:01:17.696933,meter_001,bldg_2,transient,high,155,True
2025-04-03 09:31:17.696933,meter_001,bldg_2,voltage_sag,low,25,False
2025-04-04 07:46:17.696933,meter_001,bldg_2,current_surge,low,141,True
2025-04-06 06:01:17.696933,meter_001,bldg_2,voltage_sag,medium,255,False
2025-04-07 04:16:17.696933,meter_001,bldg_2,current_surge,medium,269,False
2025-04-16 11:46:17.696933,meter_001,bldg_2,voltage_sag,high,225,False
2025-04-19 21:01:17.696933,meter_001,bldg_2,outage,low,22,True
2025-04-25 02:01:17.696933,meter_001,bldg_2,voltage_swell,high,57,True
2025-04-28 16:46:17.696933,meter_001,bldg_2,voltage_swell,high,32,False
2025-04-29 11:01:17.696933,meter_001,bldg_2,voltage_swell,medium,189,True
2025-04-29 19:31:17.696933,meter_001,bldg_2,current_surge,high,216,False
2025-05-02 03:01:17.696933,meter_001,bldg_2,voltage_sag,low,269,False
2025-05-09 04:01:17.696933,meter_001,bldg_2,harmonic_distortion,low,281,True
2025-05-11 06:31:17.696933,meter_001,bldg_2,transient,low,88,False
2025-05-11 15:01:17.696933,meter_001,bldg_2,transient,low,164,False
2025-05-12 15:31:17.696933,meter_001,bldg_2,transient,low,122,True
2025-05-16 22:46:17.696933,meter_001,bldg_2,outage,low,295,True
2025-05-21 04:16:17.696933,meter_001,bldg_2,harmonic_distortion,medium,158,True
2025-05-21 14:31:17.696933,meter_001,bldg_2,transient,low,173,False
2025-05-24 13:01:17.696933,meter_001,bldg_2,voltage_sag,low,24,False
2025-05-26 06:01:17.696933,meter_001,bldg_2,harmonic_distortion,medium,80,False
2025-06-01 06:46:17.696933,meter_001,bldg_2,outage,medium,116,True
2025-06-03 05:01:17.696933,meter_001,bldg_2,transient,medium,213,True
2025-06-03 05:16:17.696933,meter_001,bldg_2,outage,medium,19,True
2024-12-08 05:01:17.696933,meter_002,bldg_3,outage,medium,201,True
2024-12-13 01:16:17.696933,meter_002,bldg_3,transient,low,13,True
2024-12-16 11:01:17.696933,meter_002,bldg_3,current_surge,low,31,True
2024-12-18 09:46:17.696933,meter_002,bldg_3,transient,high,84,True
2024-12-23 08:01:17.696933,meter_002,bldg_3,outage,low,243,False
2024-12-25 20:46:17.696933,meter_002,bldg_3,voltage_swell,high,104,False
2024-12-27 02:01:17.696933,meter_002,bldg_3,current_surge,high,35,False
2024-12-29 14:16:17.696933,meter_002,bldg_3,current_surge,medium,181,False
2025-01-03 05:16:17.696933,meter_002,bldg_3,voltage_swell,low,9,False
2025-01-05 09:01:17.696933,meter_002,bldg_3,current_surge,low,231,False
2025-01-06 07:31:17.696933,meter_002,bldg_3,harmonic_distortion,medium,250,False
2025-01-12 19:31:17.696933,meter_002,bldg_3,outage,high,19,False
2025-01-13 08:16:17.696933,meter_002,bldg_3,current_surge,high,235,True
2025-01-14 07:31:17.696933,meter_002,bldg_3,current_surge,medium,219,False
2025-01-17 20:46:17.696933,meter_002,bldg_3,current_surge,low,221,False
2025-01-18 17:46:17.696933,meter_002,bldg_3,harmonic_distortion,low,176,False
2025-01-19 15:31:17.696933,meter_002,bldg_3,transient,low,8,True
2025-01-19 20:16:17.696933,meter_002,bldg_3,transient,high,289,True
2025-01-20 22:16:17.696933,meter_002,bldg_3,current_surge,low,209,False
2025-01-21 00:01:17.696933,meter_002,bldg_3,harmonic_distortion,medium,248,False
2025-01-21 15:16:17.696933,meter_002,bldg_3,harmonic_distortion,high,162,True
2025-01-26 08:31:17.696933,meter_002,bldg_3,transient,low,149,False
2025-01-28 07:16:17.696933,meter_002,bldg_3,transient,high,171,True
2025-01-29 05:01:17.696933,meter_002,bldg_3,transient,low,155,False
2025-02-04 17:46:17.696933,meter_002,bldg_3,outage,medium,148,False
2025-02-08 00:01:17.696933,meter_002,bldg_3,voltage_sag,low,216,False
2025-02-08 08:46:17.696933,meter_002,bldg_3,outage,medium,205,True
2025-02-14 11:16:17.696933,meter_002,bldg_3,voltage_swell,medium,196,False
2025-02-15 13:01:17.696933,meter_002,bldg_3,harmonic_distortion,low,261,False
2025-02-16 19:01:17.696933,meter_002,bldg_3,current_surge,low,13,False
2025-02-21 07:31:17.696933,meter_002,bldg_3,harmonic_distortion,medium,153,False
2025-03-01 05:16:17.696933,meter_002,bldg_3,current_surge,medium,256,False
2025-03-08 14:31:17.696933,meter_002,bldg_3,voltage_swell,low,97,False
2025-03-09 15:16:17.696933,meter_002,bldg_3,outage,low,264,True
2025-03-14 13:16:17.696933,meter_002,bldg_3,voltage_swell,medium,111,False
2025-03-15 01:16:17.696933,meter_002,bldg_3,transient,medium,61,False
2025-03-15 23:31:17.696933,meter_002,bldg_3,outage,high,78,False
2025-03-16 10:16:17.696933,meter_002,bldg_3,transient,medium,272,True
2025-03-19 00:01:17.696933,meter_002,bldg_3,current_surge,medium,147,False
2025-03-20 18:46:17.696933,meter_002,bldg_3,outage,high,235,False
2025-03-21 13:31:17.696933,meter_002,bldg_3,voltage_sag,high,149,True
2025-03-22 16:31:17.696933,meter_002,bldg_3,voltage_swell,low,45,True
2025-03-27 17:01:17.696933,meter_002,bldg_3,current_surge,high,39,False
2025-03-28 00:16:17.696933,meter_002,bldg_3,transient,high,196,False
2025-03-28 22:16:17.696933,meter_002,bldg_3,voltage_sag,medium,144,True
2025-03-29 20:46:17.696933,meter_002,bldg_3,outage,high,104,False
2025-04-01 14:01:17.696933,meter_002,bldg_3,current_surge,low,121,False
2025-04-01 14:16:17.696933,meter_002,bldg_3,outage,low,201,True
2025-04-05 03:16:17.696933,meter_002,bldg_3,current_surge,medium,4,False
2025-04-06 10:46:17.696933,meter_002,bldg_3,current_surge,medium,8,True
2025-04-08 09:46:17.696933,meter_002,bldg_3,current_surge,medium,237,True
2025-04-10 04:31:17.696933,meter_002,bldg_3,transient,high,105,False
2025-04-10 12:16:17.696933,meter_002,bldg_3,voltage_sag,medium,111,False
2025-04-10 22:31:17.696933,meter_002,bldg_3,harmonic_distortion,high,58,True
2025-04-11 06:31:17.696933,meter_002,bldg_3,voltage_sag,medium,35,False
2025-04-12 04:16:17.696933,meter_002,bldg_3,transient,low,250,False
2025-04-12 04:46:17.696933,meter_002,bldg_3,voltage_swell,low,288,True
2025-04-13 17:01:17.696933,meter_002,bldg_3,voltage_sag,low,93,False
2025-04-14 03:01:17.696933,meter_002,bldg_3,current_surge,medium,188,False
2025-04-18 15:01:17.696933,meter_002,bldg_3,transient,medium,195,False
2025-04-21 21:16:17.696933,meter_002,bldg_3,harmonic_distortion,high,150,False
2025-04-22 16:46:17.696933,meter_002,bldg_3,voltage_swell,high,141,False
2025-04-27 16:01:17.696933,meter_002,bldg_3,outage,low,174,False
2025-04-29 07:31:17.696933,meter_002,bldg_3,voltage_sag,low,222,False
2025-05-02 06:01:17.696933,meter_002,bldg_3,voltage_sag,high,241,True
2025-05-06 00:46:17.696933,meter_002,bldg_3,current_surge,medium,251,True
2025-05-12 02:31:17.696933,meter_002,bldg_3,voltage_swell,medium,70,False
2025-05-12 11:16:17.696933,meter_002,bldg_3,transient,low,18,True
2025-05-22 14:31:17.696933,meter_002,bldg_3,harmonic_distortion,low,163,True
2025-05-23 01:46:17.696933,meter_002,bldg_3,current_surge,high,141,False
2025-05-28 15:46:17.696933,meter_002,bldg_3,outage,medium,174,True
2025-05-29 15:16:17.696933,meter_002,bldg_3,voltage_sag,low,244,True
2025-06-02 20:46:17.696933,meter_002,bldg_3,current_surge,high,189,True
2025-06-03 03:46:17.696933,meter_002,bldg_3,harmonic_distortion,medium,68,False
2025-06-04 03:16:17.696933,meter_002,bldg_3,voltage_sag,low,285,False
2024-12-08 11:01:17.696933,meter_003,bldg_4,current_surge,medium,99,False
2024-12-08 17:16:17.696933,meter_003,bldg_4,harmonic_distortion,medium,260,True
2024-12-10 13:16:17.696933,meter_003,bldg_4,harmonic_distortion,high,207,False
2024-12-12 23:31:17.696933,meter_003,bldg_4,voltage_swell,high,238,True
2024-12-14 15:46:17.696933,meter_003,bldg_4,outage,medium,233,False
2024-12-14 20:31:17.696933,meter_003,bldg_4,voltage_sag,low,11,True
2024-12-16 00:01:17.696933,meter_003,bldg_4,voltage_swell,low,249,True
2024-12-21 00:46:17.696933,meter_003,bldg_4,current_surge,high,274,False
2024-12-21 07:31:17.696933,meter_003,bldg_4,outage,medium,186,True
2024-12-30 23:31:17.696933,meter_003,bldg_4,outage,low,83,False
2024-12-31 19:16:17.696933,meter_003,bldg_4,voltage_swell,high,77,True
2025-01-01 07:46:17.696933,meter_003,bldg_4,current_surge,low,197,True
2025-01-06 06:46:17.696933,meter_003,bldg_4,voltage_swell,medium,239,True
2025-01-07 05:01:17.696933,meter_003,bldg_4,current_surge,high,53,True
2025-01-09 04:16:17.696933,meter_003,bldg_4,voltage_sag,medium,5,False
2025-01-13 14:16:17.696933,meter_003,bldg_4,current_surge,high,89,False
2025-01-17 20:01:17.696933,meter_003,bldg_4,transient,low,288,False
2025-01-18 02:46:17.696933,meter_003,bldg_4,transient,medium,142,False
2025-01-18 10:16:17.696933,meter_003,bldg_4,voltage_swell,low,59,False
2025-01-18 15:16:17.696933,meter_003,bldg_4,outage,medium,169,False
2025-01-19 12:46:17.696933,meter_003,bldg_4,transient,high,15,True
2025-01-22 04:31:17.696933,meter_003,bldg_4,outage,medium,168,False
2025-01-22 05:31:17.696933,meter_003,bldg_4,voltage_sag,low,51,False
2025-01-23 07:31:17.696933,meter_003,bldg_4,transient,medium,104,False
2025-01-25 14:16:17.696933,meter_003,bldg_4,transient,low,122,True
2025-01-27 10:16:17.696933,meter_003,bldg_4,harmonic_distortion,low,92,False
2025-01-30 20:16:17.696933,meter_003,bldg_4,outage,medium,250,False
2025-01-30 23:31:17.696933,meter_003,bldg_4,outage,high,108,False
2025-02-01 00:01:17.696933,meter_003,bldg_4,voltage_sag,high,291,False
2025-02-04 08:31:17.696933,meter_003,bldg_4,current_surge,low,2,False
2025-02-05 04:16:17.696933,meter_003,bldg_4,harmonic_distortion,low,37,False
2025-02-08 05:31:17.696933,meter_003,bldg_4,transient,low,88,True
2025-02-09 19:46:17.696933,meter_003,bldg_4,outage,high,58,False
2025-02-14 08:46:17.696933,meter_003,bldg_4,harmonic_distortion,low,92,True
2025-02-20 10:16:17.696933,meter_003,bldg_4,outage,high,58,True
2025-02-21 04:01:17.696933,meter_003,bldg_4,transient,high,245,False
2025-02-22 12:16:17.696933,meter_003,bldg_4,voltage_sag,medium,122,False
2025-02-25 12:46:17.696933,meter_003,bldg_4,harmonic_distortion,low,287,False
2025-02-26 12:01:17.696933,meter_003,bldg_4,current_surge,low,22,True
2025-02-26 12:46:17.696933,meter_003,bldg_4,outage,high,204,False
2025-03-01 02:31:17.696933,meter_003,bldg_4,voltage_sag,low,225,False
2025-03-01 06:01:17.696933,meter_003,bldg_4,voltage_sag,high,241,False
2025-03-01 20:46:17.696933,meter_003,bldg_4,transient,medium,218,False
2025-03-03 19:16:17.696933,meter_003,bldg_4,current_surge,medium,185,True
2025-03-05 17:46:17.696933,meter_003,bldg_4,voltage_swell,medium,143,False
2025-03-12 11:46:17.696933,meter_003,bldg_4,harmonic_distortion,high,186,True
2025-03-18 05:31:17.696933,meter_003,bldg_4,current_surge,low,275,True
2025-03-21 17:46:17.696933,meter_003,bldg_4,voltage_swell,low,151,True
2025-03-22 15:01:17.696933,meter_003,bldg_4,outage,medium,100,False
2025-03-24 01:46:17.696933,meter_003,bldg_4,current_surge,medium,39,True
2025-03-25 21:01:17.696933,meter_003,bldg_4,transient,medium,54,False
2025-03-26 01:16:17.696933,meter_003,bldg_4,current_surge,medium,174,True
2025-03-26 03:31:17.696933,meter_003,bldg_4,current_surge,low,228,False
2025-03-28 22:01:17.696933,meter_003,bldg_4,current_surge,high,156,True
2025-04-01 11:31:17.696933,meter_003,bldg_4,current_surge,low,200,False
2025-04-04 00:16:17.696933,meter_003,bldg_4,voltage_sag,high,149,False
2025-04-05 23:46:17.696933,meter_003,bldg_4,voltage_swell,medium,63,True
2025-04-06 14:31:17.696933,meter_003,bldg_4,voltage_sag,low,285,False
2025-04-09 22:46:17.696933,meter_003,bldg_4,voltage_swell,high,224,True
2025-04-10 02:31:17.696933,meter_003,bldg_4,transient,low,65,True
2025-04-11 19:01:17.696933,meter_003,bldg_4,outage,high,245,True
2025-04-16 05:16:17.696933,meter_003,bldg_4,outage,high,238,False
2025-04-16 10:01:17.696933,meter_003,bldg_4,transient,high,178,True
2025-04-20 07:16:17.696933,meter_003,bldg_4,outage,medium,287,True
2025-04-29 11:16:17.696933,meter_003,bldg_4,current_surge,medium,93,False
2025-05-02 13:01:17.696933,meter_003,bldg_4,voltage_sag,high,184,False
2025-05-05 05:31:17.696933,meter_003,bldg_4,harmonic_distortion,medium,128,False
2025-05-07 12:16:17.696933,meter_003,bldg_4,current_surge,low,142,False
2025-05-07 13:46:17.696933,meter_003,bldg_4,current_surge,high,290,False
2025-05-13 16:46:17.696933,meter_003,bldg_4,transient,medium,133,False
2025-05-15 17:16:17.696933,meter_003,bldg_4,voltage_sag,medium,25,True
2025-05-20 07:31:17.696933,meter_003,bldg_4,voltage_sag,high,145,False
2025-05-20 15:31:17.696933,meter_003,bldg_4,current_surge,medium,90,False
2025-05-20 17:31:17.696933,meter_003,bldg_4,current_surge,high,268,True
2025-06-02 13:16:17.696933,meter_003,bldg_4,outage,medium,139,False
2024-12-08 06:46:17.696933,meter_004,bldg_5,transient,low,190,False
2024-12-11 08:31:17.696933,meter_004,bldg_5,outage,high,238,False
2024-12-14 10:16:17.696933,meter_004,bldg_5,voltage_sag,high,162,True
2024-12-15 10:31:17.696933,meter_004,bldg_5,transient,high,37,True
2024-12-19 00:46:17.696933,meter_004,bldg_5,current_surge,low,264,False
2024-12-19 18:46:17.696933,meter_004,bldg_5,outage,high,69,True
2024-12-22 22:01:17.696933,meter_004,bldg_5,voltage_swell,medium,279,True
2024-12-29 21:01:17.696933,meter_004,bldg_5,voltage_sag,high,128,True
2024-12-31 11:16:17.696933,meter_004,bldg_5,voltage_swell,medium,235,False
2024-12-31 17:01:17.696933,meter_004,bldg_5,voltage_swell,high,150,True
2025-01-08 19:31:17.696933,meter_004,bldg_5,outage,high,27,True
2025-01-09 12:31:17.696933,meter_004,bldg_5,harmonic_distortion,low,194,False
2025-01-10 23:31:17.696933,meter_004,bldg_5,transient,high,260,True
2025-01-11 16:16:17.696933,meter_004,bldg_5,voltage_swell,high,139,False
2025-01-12 13:16:17.696933,meter_004,bldg_5,harmonic_distortion,high,156,True
2025-01-22 12:01:17.696933,meter_004,bldg_5,harmonic_distortion,medium,8,True
2025-01-24 06:01:17.696933,meter_004,bldg_5,harmonic_distortion,low,150,True
2025-01-24 11:01:17.696933,meter_004,bldg_5,transient,high,232,False
2025-01-27 00:46:17.696933,meter_004,bldg_5,voltage_sag,low,111,False
2025-01-29 23:31:17.696933,meter_004,bldg_5,outage,high,188,True
2025-01-30 07:46:17.696933,meter_004,bldg_5,outage,medium,100,False
2025-01-30 14:16:17.696933,meter_004,bldg_5,harmonic_distortion,high,181,False
2025-01-31 13:01:17.696933,meter_004,bldg_5,current_surge,medium,291,False
2025-02-06 11:31:17.696933,meter_004,bldg_5,current_surge,low,84,False
2025-02-09 02:01:17.696933,meter_004,bldg_5,outage,high,109,True
2025-02-09 11:31:17.696933,meter_004,bldg_5,voltage_swell,low,293,True
2025-02-10 02:31:17.696933,meter_004,bldg_5,voltage_swell,low,90,True
2025-02-15 16:46:17.696933,meter_004,bldg_5,voltage_swell,medium,251,False
2025-02-16 07:31:17.696933,meter_004,bldg_5,current_surge,medium,91,False
2025-02-20 03:46:17.696933,meter_004,bldg_5,current_surge,high,34,True
2025-02-20 15:01:17.696933,meter_004,bldg_5,current_surge,high,37,False
2025-02-20 15:16:17.696933,meter_004,bldg_5,voltage_swell,high,104,True
2025-02-23 12:16:17.696933,meter_004,bldg_5,current_surge,medium,45,True
2025-02-26 19:46:17.696933,meter_004,bldg_5,voltage_swell,low,269,False
2025-03-01 01:46:17.696933,meter_004,bldg_5,transient,high,279,False
2025-03-06 02:31:17.696933,meter_004,bldg_5,voltage_sag,high,219,False
2025-03-06 16:46:17.696933,meter_004,bldg_5,outage,low,251,False
2025-03-07 16:01:17.696933,meter_004,bldg_5,harmonic_distortion,low,9,False
2025-03-07 17:16:17.696933,meter_004,bldg_5,harmonic_distortion,low,109,False
2025-03-08 06:31:17.696933,meter_004,bldg_5,current_surge,high,133,False
2025-03-10 07:31:17.696933,meter_004,bldg_5,transient,medium,223,True
2025-03-10 22:16:17.696933,meter_004,bldg_5,current_surge,high,170,False
2025-03-18 03:01:17.696933,meter_004,bldg_5,outage,low,255,True
2025-03-25 19:46:17.696933,meter_004,bldg_5,voltage_swell,high,74,True
2025-03-27 11:01:17.696933,meter_004,bldg_5,transient,high,79,True
2025-03-27 23:46:17.696933,meter_004,bldg_5,transient,medium,125,False
2025-03-31 21:01:17.696933,meter_004,bldg_5,voltage_sag,high,60,True
2025-04-01 19:16:17.696933,meter_004,bldg_5,voltage_swell,high,168,False
2025-04-03 19:01:17.696933,meter_004,bldg_5,transient,medium,50,False
2025-04-05 16:31:17.696933,meter_004,bldg_5,voltage_sag,medium,213,False
2025-04-06 09:01:17.696933,meter_004,bldg_5,voltage_sag,low,221,False
2025-04-06 13:46:17.696933,meter_004,bldg_5,transient,high,158,False
2025-04-07 10:01:17.696933,meter_004,bldg_5,outage,low,288,True
2025-04-10 18:46:17.696933,meter_004,bldg_5,voltage_sag,medium,108,False
2025-04-11 22:16:17.696933,meter_004,bldg_5,harmonic_distortion,high,16,True
2025-04-13 16:16:17.696933,meter_004,bldg_5,transient,low,279,False
2025-04-15 00:01:17.696933,meter_004,bldg_5,harmonic_distortion,high,292,True
2025-04-23 22:16:17.696933,meter_004,bldg_5,harmonic_distortion,high,298,False
2025-04-23 23:16:17.696933,meter_004,bldg_5,voltage_swell,high,162,False
2025-04-24 04:46:17.696933,meter_004,bldg_5,harmonic_distortion,high,109,True
2025-04-28 04:01:17.696933,meter_004,bldg_5,transient,high,44,True
2025-04-28 08:01:17.696933,meter_004,bldg_5,transient,high,42,True
2025-04-29 00:31:17.696933,meter_004,bldg_5,voltage_swell,medium,146,True
2025-05-03 07:01:17.696933,meter_004,bldg_5,voltage_sag,medium,133,False
2025-05-03 12:16:17.696933,meter_004,bldg_5,outage,low,253,False
2025-05-03 14:16:17.696933,meter_004,bldg_5,harmonic_distortion,high,24,False
2025-05-04 03:31:17.696933,meter_004,bldg_5,voltage_swell,medium,100,True
2025-05-04 13:01:17.696933,meter_004,bldg_5,transient,medium,77,True
2025-05-06 12:01:17.696933,meter_004,bldg_5,current_surge,low,202,True
2025-05-07 15:16:17.696933,meter_004,bldg_5,transient,high,273,False
2025-05-12 08:46:17.696933,meter_004,bldg_5,voltage_sag,high,188,True
2025-05-17 02:01:17.696933,meter_004,bldg_5,voltage_sag,high,129,False
2025-05-20 01:31:17.696933,meter_004,bldg_5,voltage_swell,high,66,True
2025-05-20 19:46:17.696933,meter_004,bldg_5,voltage_sag,high,117,True
2025-05-21 20:16:17.696933,meter_004,bldg_5,outage,low,70,False
2025-05-25 01:01:17.696933,meter_004,bldg_5,voltage_swell,high,125,True
2025-05-26 15:01:17.696933,meter_004,bldg_5,transient,medium,175,False
2025-06-01 12:31:17.696933,meter_004,bldg_5,transient,high,72,True
2024-12-12 07:01:17.696933,meter_005,bldg_1,outage,low,170,False
2024-12-15 13:16:17.696933,meter_005,bldg_1,voltage_sag,low,81,True
2024-12-15 18:16:17.696933,meter_005,bldg_1,voltage_sag,high,278,False
2024-12-24 01:16:17.696933,meter_005,bldg_1,voltage_sag,low,26,True
2024-12-25 20:46:17.696933,meter_005,bldg_1,outage,medium,124,True
2024-12-31 12:31:17.696933,meter_005,bldg_1,transient,high,182,True
2025-01-03 02:16:17.696933,meter_005,bldg_1,voltage_swell,high,280,False
2025-01-05 14:31:17.696933,meter_005,bldg_1,current_surge,medium,174,True
2025-01-08 12:46:17.696933,meter_005,bldg_1,outage,low,159,False
2025-01-08 13:16:17.696933,meter_005,bldg_1,current_surge,high,263,True
2025-01-10 07:46:17.696933,meter_005,bldg_1,harmonic_distortion,medium,117,True
2025-01-11 03:01:17.696933,meter_005,bldg_1,transient,low,296,False
2025-01-12 01:46:17.696933,meter_005,bldg_1,transient,medium,234,True
2025-01-12 12:01:17.696933,meter_005,bldg_1,current_surge,low,158,True
2025-01-15 05:46:17.696933,meter_005,bldg_1,voltage_sag,medium,194,True
2025-01-27 05:01:17.696933,meter_005,bldg_1,voltage_swell,high,76,True
2025-01-29 13:46:17.696933,meter_005,bldg_1,transient,low,93,True
2025-02-04 21:31:17.696933,meter_005,bldg_1,outage,medium,29,True
2025-02-05 18:01:17.696933,meter_005,bldg_1,current_surge,high,197,True
2025-02-11 10:46:17.696933,meter_005,bldg_1,voltage_swell,low,120,False
2025-02-18 11:16:17.696933,meter_005,bldg_1,transient,medium,101,True
2025-03-01 05:31:17.696933,meter_005,bldg_1,voltage_swell,high,191,False
2025-03-12 21:16:17.696933,meter_005,bldg_1,harmonic_distortion,high,219,True
2025-03-17 08:16:17.696933,meter_005,bldg_1,harmonic_distortion,low,251,False
2025-03-21 18:01:17.696933,meter_005,bldg_1,outage,medium,163,False
2025-03-22 08:16:17.696933,meter_005,bldg_1,voltage_swell,low,219,False
2025-03-24 22:46:17.696933,meter_005,bldg_1,harmonic_distortion,high,124,True
2025-03-26 15:01:17.696933,meter_005,bldg_1,outage,medium,61,False
2025-03-29 00:16:17.696933,meter_005,bldg_1,harmonic_distortion,medium,69,True
2025-03-30 21:01:17.696933,meter_005,bldg_1,transient,high,258,True
2025-04-02 02:01:17.696933,meter_005,bldg_1,voltage_swell,low,260,False
2025-04-07 08:31:17.696933,meter_005,bldg_1,outage,low,222,True
2025-04-15 10:01:17.696933,meter_005,bldg_1,outage,low,23,False
2025-04-16 02:16:17.696933,meter_005,bldg_1,voltage_swell,high,104,True
2025-04-19 03:31:17.696933,meter_005,bldg_1,outage,low,97,True
2025-04-20 12:16:17.696933,meter_005,bldg_1,current_surge,medium,35,False
2025-04-20 14:01:17.696933,meter_005,bldg_1,current_surge,low,28,True
2025-04-22 12:31:17.696933,meter_005,bldg_1,voltage_sag,low,214,False
2025-04-23 12:31:17.696933,meter_005,bldg_1,outage,medium,152,False
2025-04-23 23:46:17.696933,meter_005,bldg_1,voltage_sag,high,176,False
2025-04-24 08:01:17.696933,meter_005,bldg_1,harmonic_distortion,medium,79,True
2025-04-28 20:31:17.696933,meter_005,bldg_1,harmonic_distortion,medium,31,False
2025-05-01 22:16:17.696933,meter_005,bldg_1,voltage_sag,high,271,True
2025-05-02 21:16:17.696933,meter_005,bldg_1,voltage_swell,low,290,True
2025-05-04 11:01:17.696933,meter_005,bldg_1,transient,medium,281,True
2025-05-05 04:01:17.696933,meter_005,bldg_1,harmonic_distortion,low,5,True
2025-05-05 06:31:17.696933,meter_005,bldg_1,harmonic_distortion,high,289,False
2025-05-07 06:16:17.696933,meter_005,bldg_1,current_surge,medium,134,True
2025-05-10 04:01:17.696933,meter_005,bldg_1,current_surge,high,44,True
2025-05-11 03:16:17.696933,meter_005,bldg_1,outage,low,134,True
2025-05-13 13:16:17.696933,meter_005,bldg_1,transient,medium,146,True
2025-05-14 18:46:17.696933,meter_005,bldg_1,voltage_sag,low,20,True
2025-05-16 07:01:17.696933,meter_005,bldg_1,transient,low,278,True
2025-05-19 16:01:17.696933,meter_005,bldg_1,transient,high,291,False
2025-05-23 01:01:17.696933,meter_005,bldg_1,harmonic_distortion,low,243,False
2025-05-23 11:46:17.696933,meter_005,bldg_1,voltage_sag,medium,249,True
2025-05-29 02:46:17.696933,meter_005,bldg_1,harmonic_distortion,low,261,True
2025-05-29 05:31:17.696933,meter_005,bldg_1,outage,low,109,False
2025-05-29 10:16:17.696933,meter_005,bldg_1,transient,low,259,False
2025-05-29 16:16:17.696933,meter_005,bldg_1,voltage_swell,medium,195,True
2025-05-30 20:46:17.696933,meter_005,bldg_1,voltage_sag,high,262,True
2025-06-01 19:46:17.696933,meter_005,bldg_1,transient,low,14,False
2025-06-04 01:46:17.696933,meter_005,bldg_1,harmonic_distortion,medium,203,True
2024-12-08 17:46:17.696933,meter_006,bldg_2,outage,medium,30,True
2024-12-12 02:46:17.696933,meter_006,bldg_2,harmonic_distortion,high,153,False
2024-12-12 06:31:17.696933,meter_006,bldg_2,transient,medium,67,False
2024-12-12 15:31:17.696933,meter_006,bldg_2,outage,low,154,False
2024-12-14 20:46:17.696933,meter_006,bldg_2,transient,high,102,False
2024-12-15 19:46:17.696933,meter_006,bldg_2,current_surge,high,293,True
2024-12-17 23:46:17.696933,meter_006,bldg_2,harmonic_distortion,low,282,True
2024-12-21 12:01:17.696933,meter_006,bldg_2,voltage_swell,low,93,True
2024-12-21 15:16:17.696933,meter_006,bldg_2,harmonic_distortion,low,37,True
2024-12-29 19:16:17.696933,meter_006,bldg_2,transient,low,178,False
2024-12-30 06:31:17.696933,meter_006,bldg_2,harmonic_distortion,high,250,True
2025-01-01 17:16:17.696933,meter_006,bldg_2,transient,high,46,False
2025-01-01 22:46:17.696933,meter_006,bldg_2,outage,low,145,False
2025-01-05 05:46:17.696933,meter_006,bldg_2,voltage_sag,medium,196,False
2025-01-05 17:16:17.696933,meter_006,bldg_2,voltage_sag,medium,7,True
2025-01-07 22:16:17.696933,meter_006,bldg_2,voltage_swell,high,285,False
2025-01-14 06:16:17.696933,meter_006,bldg_2,current_surge,medium,7,True
2025-01-25 20:01:17.696933,meter_006,bldg_2,harmonic_distortion,high,16,False
2025-01-26 22:16:17.696933,meter_006,bldg_2,current_surge,medium,274,True
2025-01-28 01:46:17.696933,meter_006,bldg_2,current_surge,low,33,True
2025-01-28 16:31:17.696933,meter_006,bldg_2,voltage_sag,low,131,True
2025-01-30 01:46:17.696933,meter_006,bldg_2,voltage_swell,medium,250,False
2025-01-30 14:31:17.696933,meter_006,bldg_2,voltage_sag,medium,150,True
2025-02-02 19:31:17.696933,meter_006,bldg_2,transient,high,81,True
2025-02-05 01:46:17.696933,meter_006,bldg_2,outage,high,44,True
2025-02-05 03:16:17.696933,meter_006,bldg_2,outage,medium,172,False
2025-02-09 04:16:17.696933,meter_006,bldg_2,outage,low,240,True
2025-02-16 03:46:17.696933,meter_006,bldg_2,harmonic_distortion,low,130,False
2025-02-16 15:46:17.696933,meter_006,bldg_2,voltage_swell,high,45,False
2025-02-20 16:46:17.696933,meter_006,bldg_2,voltage_sag,low,68,False
2025-02-20 22:01:17.696933,meter_006,bldg_2,transient,high,42,False
2025-02-23 10:01:17.696933,meter_006,bldg_2,voltage_sag,low,188,True
2025-02-24 17:01:17.696933,meter_006,bldg_2,harmonic_distortion,low,31,False
2025-02-25 22:46:17.696933,meter_006,bldg_2,transient,medium,236,False
2025-02-27 03:16:17.696933,meter_006,bldg_2,harmonic_distortion,low,167,True
2025-02-27 11:16:17.696933,meter_006,bldg_2,outage,medium,37,True
2025-02-27 12:46:17.696933,meter_006,bldg_2,current_surge,low,52,True
2025-02-28 21:16:17.696933,meter_006,bldg_2,current_surge,high,50,False
2025-03-03 10:16:17.696933,meter_006,bldg_2,harmonic_distortion,medium,140,True
2025-03-05 04:31:17.696933,meter_006,bldg_2,harmonic_distortion,high,10,False
2025-03-05 13:16:17.696933,meter_006,bldg_2,harmonic_distortion,medium,98,True
2025-03-07 17:46:17.696933,meter_006,bldg_2,outage,low,119,True
2025-03-08 21:01:17.696933,meter_006,bldg_2,current_surge,low,73,True
2025-03-09 13:01:17.696933,meter_006,bldg_2,outage,medium,77,True
2025-03-13 12:31:17.696933,meter_006,bldg_2,outage,high,238,False
2025-03-15 18:46:17.696933,meter_006,bldg_2,transient,low,125,True
2025-03-16 19:01:17.696933,meter_006,bldg_2,current_surge,high,276,False
2025-03-18 02:31:17.696933,meter_006,bldg_2,outage,medium,94,True
2025-03-18 10:01:17.696933,meter_006,bldg_2,voltage_swell,high,145,True
2025-03-25 09:16:17.696933,meter_006,bldg_2,harmonic_distortion,low,19,True
2025-03-25 10:46:17.696933,meter_006,bldg_2,harmonic_distortion,medium,113,False
2025-03-25 13:16:17.696933,meter_006,bldg_2,voltage_sag,low,179,False
2025-03-27 01:01:17.696933,meter_006,bldg_2,voltage_sag,medium,5,True
2025-03-27 16:01:17.696933,meter_006,bldg_2,harmonic_distortion,low,51,False
2025-03-28 01:46:17.696933,meter_006,bldg_2,voltage_swell,medium,46,False
2025-03-29 11:31:17.696933,meter_006,bldg_2,voltage_sag,high,219,True
2025-04-01 19:16:17.696933,meter_006,bldg_2,transient,low,299,False
2025-04-02 23:31:17.696933,meter_006,bldg_2,harmonic_distortion,medium,259,False
2025-04-05 12:16:17.696933,meter_006,bldg_2,voltage_sag,medium,118,True
2025-04-05 15:16:17.696933,meter_006,bldg_2,transient,low,147,True
2025-04-07 23:31:17.696933,meter_006,bldg_2,outage,medium,181,True
2025-04-10 19:46:17.696933,meter_006,bldg_2,harmonic_distortion,high,34,False
2025-04-13 13:31:17.696933,meter_006,bldg_2,voltage_swell,medium,221,False
2025-04-23 02:46:17.696933,meter_006,bldg_2,outage,low,65,True
2025-04-26 00:01:17.696933,meter_006,bldg_2,transient,medium,282,True
2025-04-29 07:16:17.696933,meter_006,bldg_2,harmonic_distortion,low,129,True
2025-04-30 05:16:17.696933,meter_006,bldg_2,voltage_swell,low,265,False
2025-05-02 06:16:17.696933,meter_006,bldg_2,voltage_sag,medium,178,False
2025-05-03 01:46:17.696933,meter_006,bldg_2,transient,low,57,True
2025-05-04 04:16:17.696933,meter_006,bldg_2,current_surge,medium,59,True
2025-05-08 15:46:17.696933,meter_006,bldg_2,voltage_swell,high,62,True
2025-05-12 22:16:17.696933,meter_006,bldg_2,voltage_sag,high,192,False
2025-05-17 05:01:17.696933,meter_006,bldg_2,current_surge,low,42,True
2025-05-21 12:46:17.696933,meter_006,bldg_2,voltage_sag,medium,82,False
2025-05-23 18:16:17.696933,meter_006,bldg_2,current_surge,high,23,False
2025-05-24 14:31:17.696933,meter_006,bldg_2,current_surge,high,26,True
2025-05-27 15:31:17.696933,meter_006,bldg_2,current_surge,low,232,True
2025-05-28 05:16:17.696933,meter_006,bldg_2,transient,medium,34,False
2025-05-28 22:46:17.696933,meter_006,bldg_2,transient,low,292,False
2025-05-29 14:16:17.696933,meter_006,bldg_2,current_surge,high,290,False
2025-06-03 14:16:17.696933,meter_006,bldg_2,outage,medium,275,True
2024-12-08 22:46:17.696933,meter_007,bldg_3,harmonic_distortion,low,215,True
2024-12-11 00:01:17.696933,meter_007,bldg_3,outage,medium,65,False
2024-12-13 19:01:17.696933,meter_007,bldg_3,voltage_swell,medium,249,False
2024-12-14 23:16:17.696933,meter_007,bldg_3,voltage_sag,high,140,True
2024-12-18 04:01:17.696933,meter_007,bldg_3,voltage_swell,medium,41,True
2024-12-18 16:01:17.696933,meter_007,bldg_3,voltage_sag,low,91,True
2024-12-20 14:31:17.696933,meter_007,bldg_3,current_surge,medium,61,False
2024-12-22 02:01:17.696933,meter_007,bldg_3,outage,low,178,False
2024-12-23 05:16:17.696933,meter_007,bldg_3,voltage_swell,medium,288,True
2024-12-23 08:31:17.696933,meter_007,bldg_3,outage,medium,133,False
2024-12-24 01:31:17.696933,meter_007,bldg_3,outage,medium,84,False
2024-12-27 00:01:17.696933,meter_007,bldg_3,current_surge,medium,149,False
2024-12-27 16:31:17.696933,meter_007,bldg_3,harmonic_distortion,medium,283,False
2024-12-28 16:46:17.696933,meter_007,bldg_3,voltage_sag,high,32,True
2024-12-31 05:46:17.696933,meter_007,bldg_3,voltage_sag,high,267,False
2024-12-31 17:16:17.696933,meter_007,bldg_3,outage,low,138,True
2025-01-04 19:16:17.696933,meter_007,bldg_3,voltage_sag,high,90,True
2025-01-05 16:01:17.696933,meter_007,bldg_3,current_surge,low,204,True
2025-01-08 02:16:17.696933,meter_007,bldg_3,outage,low,16,True
2025-01-10 10:01:17.696933,meter_007,bldg_3,voltage_sag,low,230,False
2025-01-16 02:31:17.696933,meter_007,bldg_3,harmonic_distortion,low,238,True
2025-01-17 03:46:17.696933,meter_007,bldg_3,outage,medium,67,False
2025-01-20 12:01:17.696933,meter_007,bldg_3,outage,medium,29,False
2025-01-20 17:01:17.696933,meter_007,bldg_3,outage,medium,90,True
2025-01-22 09:01:17.696933,meter_007,bldg_3,harmonic_distortion,low,153,True
2025-01-25 01:31:17.696933,meter_007,bldg_3,outage,low,4,False
2025-01-26 16:16:17.696933,meter_007,bldg_3,harmonic_distortion,medium,174,True
2025-02-10 22:46:17.696933,meter_007,bldg_3,voltage_swell,high,76,True
2025-02-11 05:16:17.696933,meter_007,bldg_3,current_surge,low,163,False
2025-02-16 03:01:17.696933,meter_007,bldg_3,outage,high,157,True
2025-02-16 17:16:17.696933,meter_007,bldg_3,voltage_swell,low,39,False
2025-02-17 11:46:17.696933,meter_007,bldg_3,outage,low,178,True
2025-02-18 00:16:17.696933,meter_007,bldg_3,voltage_swell,high,50,False
2025-02-19 19:31:17.696933,meter_007,bldg_3,harmonic_distortion,low,225,False
2025-02-24 05:01:17.696933,meter_007,bldg_3,current_surge,high,47,False
2025-02-25 09:01:17.696933,meter_007,bldg_3,harmonic_distortion,low,89,False
2025-02-26 14:31:17.696933,meter_007,bldg_3,voltage_swell,low,79,True
2025-02-26 14:46:17.696933,meter_007,bldg_3,voltage_sag,low,22,True
2025-02-26 17:01:17.696933,meter_007,bldg_3,current_surge,low,33,True
2025-02-27 16:31:17.696933,meter_007,bldg_3,voltage_swell,medium,174,True
2025-02-27 18:01:17.696933,meter_007,bldg_3,voltage_swell,low,58,False
2025-02-28 22:31:17.696933,meter_007,bldg_3,voltage_sag,low,144,True
2025-03-01 20:16:17.696933,meter_007,bldg_3,harmonic_distortion,low,145,True
2025-03-03 04:31:17.696933,meter_007,bldg_3,voltage_swell,medium,111,False
2025-03-05 00:31:17.696933,meter_007,bldg_3,harmonic_distortion,high,183,False
2025-03-05 05:01:17.696933,meter_007,bldg_3,current_surge,high,222,True
2025-03-07 03:46:17.696933,meter_007,bldg_3,harmonic_distortion,low,174,False
2025-03-12 22:16:17.696933,meter_007,bldg_3,voltage_sag,medium,120,False
2025-03-13 00:31:17.696933,meter_007,bldg_3,voltage_swell,high,22,False
2025-03-14 15:46:17.696933,meter_007,bldg_3,current_surge,high,297,True
2025-03-14 22:46:17.696933,meter_007,bldg_3,outage,medium,100,True
2025-03-16 14:16:17.696933,meter_007,bldg_3,outage,low,150,True
2025-03-20 13:16:17.696933,meter_007,bldg_3,transient,high,245,False
2025-03-20 14:01:17.696933,meter_007,bldg_3,voltage_swell,medium,77,False
2025-03-21 22:46:17.696933,meter_007,bldg_3,voltage_swell,medium,179,False
2025-03-22 00:46:17.696933,meter_007,bldg_3,outage,high,286,True
2025-03-22 01:31:17.696933,meter_007,bldg_3,current_surge,medium,55,True
2025-03-23 12:16:17.696933,meter_007,bldg_3,harmonic_distortion,low,266,False
2025-03-24 07:16:17.696933,meter_007,bldg_3,voltage_swell,high,277,True
2025-03-29 19:16:17.696933,meter_007,bldg_3,voltage_swell,medium,91,False
2025-03-30 06:16:17.696933,meter_007,bldg_3,outage,medium,21,False
2025-03-31 18:31:17.696933,meter_007,bldg_3,transient,medium,30,True
2025-04-02 21:16:17.696933,meter_007,bldg_3,voltage_sag,low,156,False
2025-04-04 19:16:17.696933,meter_007,bldg_3,outage,high,138,True
2025-04-06 18:31:17.696933,meter_007,bldg_3,voltage_swell,high,160,True
2025-04-07 06:46:17.696933,meter_007,bldg_3,current_surge,medium,11,False
2025-04-09 20:46:17.696933,meter_007,bldg_3,current_surge,low,60,True
2025-04-10 05:16:17.696933,meter_007,bldg_3,harmonic_distortion,low,31,False
2025-04-14 01:01:17.696933,meter_007,bldg_3,current_surge,low,155,False
2025-04-14 07:16:17.696933,meter_007,bldg_3,voltage_sag,high,227,True
2025-04-14 17:31:17.696933,meter_007,bldg_3,outage,low,251,False
2025-04-16 20:01:17.696933,meter_007,bldg_3,voltage_sag,medium,230,True
2025-04-17 17:16:17.696933,meter_007,bldg_3,outage,low,127,True
2025-04-18 17:46:17.696933,meter_007,bldg_3,voltage_swell,medium,245,True
2025-04-21 14:31:17.696933,meter_007,bldg_3,voltage_sag,medium,237,False
2025-04-22 02:46:17.696933,meter_007,bldg_3,voltage_sag,medium,68,False
2025-04-22 21:16:17.696933,meter_007,bldg_3,current_surge,low,27,False
2025-04-24 03:16:17.696933,meter_007,bldg_3,outage,medium,163,True
2025-04-26 02:16:17.696933,meter_007,bldg_3,harmonic_distortion,low,33,True
2025-04-27 11:01:17.696933,meter_007,bldg_3,voltage_swell,medium,245,True
2025-04-30 03:46:17.696933,meter_007,bldg_3,harmonic_distortion,low,35,True
2025-05-01 00:01:17.696933,meter_007,bldg_3,voltage_swell,low,24,False
2025-05-02 12:31:17.696933,meter_007,bldg_3,voltage_sag,medium,298,False
2025-05-03 03:01:17.696933,meter_007,bldg_3,outage,medium,149,True
2025-05-03 10:01:17.696933,meter_007,bldg_3,current_surge,low,176,True
2025-05-12 17:01:17.696933,meter_007,bldg_3,voltage_swell,medium,49,True
2025-05-20 13:16:17.696933,meter_007,bldg_3,voltage_swell,medium,36,True
2025-05-20 16:16:17.696933,meter_007,bldg_3,current_surge,high,281,True
2025-05-21 11:31:17.696933,meter_007,bldg_3,outage,low,32,False
2025-05-29 03:46:17.696933,meter_007,bldg_3,transient,medium,67,True
2025-05-30 19:31:17.696933,meter_007,bldg_3,current_surge,high,295,True
2025-05-31 01:01:17.696933,meter_007,bldg_3,voltage_sag,high,115,True
2025-06-01 12:16:17.696933,meter_007,bldg_3,voltage_sag,low,72,False
2025-06-01 17:46:17.696933,meter_007,bldg_3,voltage_swell,high,252,True
2025-06-02 23:46:17.696933,meter_007,bldg_3,outage,low,5,False
2024-12-14 06:01:17.696933,meter_008,bldg_4,voltage_swell,medium,80,False
2024-12-16 22:16:17.696933,meter_008,bldg_4,outage,low,178,True
2024-12-18 05:46:17.696933,meter_008,bldg_4,current_surge,high,59,True
2024-12-20 21:01:17.696933,meter_008,bldg_4,voltage_swell,low,264,False
2024-12-22 05:31:17.696933,meter_008,bldg_4,outage,high,178,False
2024-12-24 07:46:17.696933,meter_008,bldg_4,voltage_sag,low,43,True
2024-12-25 06:46:17.696933,meter_008,bldg_4,transient,low,192,False
2024-12-25 13:31:17.696933,meter_008,bldg_4,outage,high,169,False
2024-12-29 22:16:17.696933,meter_008,bldg_4,voltage_sag,high,237,False
2025-01-01 04:16:17.696933,meter_008,bldg_4,voltage_swell,medium,297,True
2025-01-01 04:46:17.696933,meter_008,bldg_4,voltage_swell,low,239,False
2025-01-02 10:16:17.696933,meter_008,bldg_4,outage,medium,139,True
2025-01-02 22:46:17.696933,meter_008,bldg_4,transient,low,270,True
2025-01-06 12:31:17.696933,meter_008,bldg_4,current_surge,medium,47,True
2025-01-07 17:31:17.696933,meter_008,bldg_4,harmonic_distortion,medium,93,True
2025-01-08 05:16:17.696933,meter_008,bldg_4,harmonic_distortion,low,136,False
2025-01-09 01:16:17.696933,meter_008,bldg_4,outage,high,125,False
2025-01-09 23:31:17.696933,meter_008,bldg_4,transient,low,118,True
2025-01-13 01:01:17.696933,meter_008,bldg_4,transient,high,24,True
2025-01-14 08:46:17.696933,meter_008,bldg_4,harmonic_distortion,medium,6,False
2025-01-15 03:46:17.696933,meter_008,bldg_4,harmonic_distortion,medium,166,False
2025-01-18 21:16:17.696933,meter_008,bldg_4,voltage_swell,low,232,False
2025-01-19 06:46:17.696933,meter_008,bldg_4,transient,high,276,True
2025-01-19 20:46:17.696933,meter_008,bldg_4,harmonic_distortion,low,153,False
2025-01-20 01:31:17.696933,meter_008,bldg_4,current_surge,low,251,False
2025-01-20 22:31:17.696933,meter_008,bldg_4,voltage_sag,high,254,False
2025-01-20 23:16:17.696933,meter_008,bldg_4,voltage_swell,medium,142,True
2025-01-21 15:31:17.696933,meter_008,bldg_4,transient,low,30,False
2025-01-23 00:16:17.696933,meter_008,bldg_4,outage,medium,27,False
2025-01-23 12:01:17.696933,meter_008,bldg_4,current_surge,medium,275,False
2025-01-25 18:01:17.696933,meter_008,bldg_4,voltage_sag,high,87,True
2025-01-30 20:16:17.696933,meter_008,bldg_4,current_surge,high,53,True
2025-02-01 01:01:17.696933,meter_008,bldg_4,voltage_swell,medium,143,False
2025-02-04 15:46:17.696933,meter_008,bldg_4,transient,high,156,False
2025-02-04 23:16:17.696933,meter_008,bldg_4,transient,medium,211,False
2025-02-09 04:01:17.696933,meter_008,bldg_4,harmonic_distortion,high,212,False
2025-02-10 00:46:17.696933,meter_008,bldg_4,outage,medium,32,False
2025-02-11 01:01:17.696933,meter_008,bldg_4,harmonic_distortion,medium,275,False
2025-02-14 04:46:17.696933,meter_008,bldg_4,voltage_sag,high,135,False
2025-02-15 01:01:17.696933,meter_008,bldg_4,voltage_swell,low,109,True
2025-02-18 11:16:17.696933,meter_008,bldg_4,harmonic_distortion,low,121,True
2025-02-22 15:16:17.696933,meter_008,bldg_4,harmonic_distortion,low,62,True
2025-02-23 11:31:17.696933,meter_008,bldg_4,transient,low,6,False
2025-02-25 17:31:17.696933,meter_008,bldg_4,outage,low,155,False
2025-02-28 15:16:17.696933,meter_008,bldg_4,outage,medium,19,False
2025-03-05 14:01:17.696933,meter_008,bldg_4,voltage_sag,high,107,False
2025-03-05 22:16:17.696933,meter_008,bldg_4,current_surge,high,225,True
2025-03-11 20:01:17.696933,meter_008,bldg_4,transient,medium,101,False
2025-03-12 12:46:17.696933,meter_008,bldg_4,harmonic_distortion,low,121,False
2025-03-14 10:16:17.696933,meter_008,bldg_4,current_surge,low,257,True
2025-03-14 17:46:17.696933,meter_008,bldg_4,transient,high,242,True
2025-03-14 18:16:17.696933,meter_008,bldg_4,voltage_swell,low,26,False
2025-03-15 18:01:17.696933,meter_008,bldg_4,outage,medium,88,False
2025-03-16 11:16:17.696933,meter_008,bldg_4,current_surge,high,23,True
2025-03-16 21:16:17.696933,meter_008,bldg_4,voltage_sag,medium,98,True
2025-03-19 11:31:17.696933,meter_008,bldg_4,current_surge,high,43,True
2025-03-21 05:01:17.696933,meter_008,bldg_4,transient,high,233,False
2025-03-24 07:16:17.696933,meter_008,bldg_4,transient,medium,15,False
2025-03-24 14:31:17.696933,meter_008,bldg_4,outage,medium,102,True
2025-03-24 19:31:17.696933,meter_008,bldg_4,harmonic_distortion,high,189,False
2025-03-25 00:01:17.696933,meter_008,bldg_4,current_surge,high,242,False
2025-03-25 03:01:17.696933,meter_008,bldg_4,voltage_swell,low,277,True
2025-03-30 22:16:17.696933,meter_008,bldg_4,outage,high,74,True
2025-04-01 00:46:17.696933,meter_008,bldg_4,voltage_sag,high,154,False
2025-04-06 16:31:17.696933,meter_008,bldg_4,transient,medium,244,False
2025-04-06 22:16:17.696933,meter_008,bldg_4,current_surge,high,256,False
2025-04-16 01:31:17.696933,meter_008,bldg_4,harmonic_distortion,high,132,False
2025-04-21 16:46:17.696933,meter_008,bldg_4,current_surge,high,227,False
2025-04-22 08:46:17.696933,meter_008,bldg_4,voltage_swell,medium,178,True
2025-04-24 03:16:17.696933,meter_008,bldg_4,current_surge,high,117,False
2025-04-25 22:01:17.696933,meter_008,bldg_4,harmonic_distortion,medium,285,True
2025-04-27 06:16:17.696933,meter_008,bldg_4,outage,high,109,False
2025-04-27 07:16:17.696933,meter_008,bldg_4,voltage_swell,high,97,False
2025-04-28 06:16:17.696933,meter_008,bldg_4,outage,high,65,False
2025-04-29 20:31:17.696933,meter_008,bldg_4,current_surge,high,291,False
2025-04-30 02:31:17.696933,meter_008,bldg_4,harmonic_distortion,high,50,False
2025-05-02 22:01:17.696933,meter_008,bldg_4,transient,low,184,True
2025-05-05 23:01:17.696933,meter_008,bldg_4,voltage_sag,high,38,True
2025-05-07 09:46:17.696933,meter_008,bldg_4,current_surge,medium,225,False
2025-05-07 13:31:17.696933,meter_008,bldg_4,voltage_sag,low,125,True
2025-05-07 22:01:17.696933,meter_008,bldg_4,current_surge,low,19,False
2025-05-08 09:46:17.696933,meter_008,bldg_4,outage,low,231,True
2025-05-08 13:16:17.696933,meter_008,bldg_4,voltage_swell,medium,128,True
2025-05-08 14:01:17.696933,meter_008,bldg_4,voltage_swell,medium,111,False
2025-05-11 20:46:17.696933,meter_008,bldg_4,harmonic_distortion,medium,59,True
2025-05-16 14:31:17.696933,meter_008,bldg_4,current_surge,medium,76,True
2025-05-18 03:01:17.696933,meter_008,bldg_4,harmonic_distortion,low,244,True
2025-05-21 07:16:17.696933,meter_008,bldg_4,transient,medium,166,True
2025-05-21 13:46:17.696933,meter_008,bldg_4,transient,high,183,False
2025-05-22 11:46:17.696933,meter_008,bldg_4,current_surge,medium,19,True
2025-05-24 10:01:17.696933,meter_008,bldg_4,voltage_sag,high,16,False
2025-05-25 22:46:17.696933,meter_008,bldg_4,transient,low,290,False
2025-05-28 02:46:17.696933,meter_008,bldg_4,voltage_swell,high,174,False
2025-05-31 12:01:17.696933,meter_008,bldg_4,current_surge,low,298,True
2025-06-01 23:46:17.696933,meter_008,bldg_4,voltage_sag,medium,113,True
2025-06-05 03:01:17.696933,meter_008,bldg_4,current_surge,high,272,False
2024-12-11 11:31:17.696933,meter_009,bldg_5,current_surge,high,21,True
2024-12-15 13:46:17.696933,meter_009,bldg_5,voltage_swell,medium,188,True
2024-12-18 10:46:17.696933,meter_009,bldg_5,harmonic_distortion,medium,212,True
2024-12-19 03:46:17.696933,meter_009,bldg_5,voltage_sag,high,276,True
2024-12-19 18:16:17.696933,meter_009,bldg_5,voltage_swell,low,106,True
2024-12-20 11:46:17.696933,meter_009,bldg_5,outage,high,229,True
2024-12-21 16:01:17.696933,meter_009,bldg_5,voltage_swell,low,144,False
2024-12-22 22:16:17.696933,meter_009,bldg_5,voltage_swell,high,276,True
2024-12-26 00:31:17.696933,meter_009,bldg_5,voltage_swell,medium,49,True
2024-12-26 12:31:17.696933,meter_009,bldg_5,outage,low,191,True
2024-12-27 22:31:17.696933,meter_009,bldg_5,outage,medium,104,False
2024-12-27 23:16:17.696933,meter_009,bldg_5,transient,medium,282,False
2024-12-29 04:46:17.696933,meter_009,bldg_5,voltage_swell,high,298,True
2024-12-30 08:01:17.696933,meter_009,bldg_5,current_surge,low,223,False
2024-12-31 14:16:17.696933,meter_009,bldg_5,harmonic_distortion,high,231,True
2024-12-31 14:31:17.696933,meter_009,bldg_5,voltage_swell,low,96,False
2025-01-01 20:31:17.696933,meter_009,bldg_5,transient,low,127,True
2025-01-03 09:01:17.696933,meter_009,bldg_5,voltage_swell,low,210,False
2025-01-05 08:31:17.696933,meter_009,bldg_5,harmonic_distortion,low,210,False
2025-01-06 04:31:17.696933,meter_009,bldg_5,transient,low,122,False
2025-01-09 18:01:17.696933,meter_009,bldg_5,voltage_swell,high,152,False
2025-01-11 07:31:17.696933,meter_009,bldg_5,voltage_sag,low,122,False
2025-01-11 10:46:17.696933,meter_009,bldg_5,outage,high,211,False
2025-01-12 04:01:17.696933,meter_009,bldg_5,voltage_sag,medium,137,False
2025-01-12 08:46:17.696933,meter_009,bldg_5,current_surge,high,165,False
2025-01-12 20:46:17.696933,meter_009,bldg_5,current_surge,medium,255,False
2025-01-18 09:46:17.696933,meter_009,bldg_5,current_surge,medium,290,False
2025-01-18 15:46:17.696933,meter_009,bldg_5,current_surge,medium,257,True
2025-01-20 12:01:17.696933,meter_009,bldg_5,voltage_swell,low,250,True
2025-01-22 21:16:17.696933,meter_009,bldg_5,voltage_sag,high,220,True
2025-01-26 15:16:17.696933,meter_009,bldg_5,voltage_sag,low,65,True
2025-01-27 08:46:17.696933,meter_009,bldg_5,voltage_sag,medium,8,True
2025-01-27 21:01:17.696933,meter_009,bldg_5,transient,medium,144,False
2025-01-29 18:01:17.696933,meter_009,bldg_5,outage,low,149,True
2025-02-01 07:46:17.696933,meter_009,bldg_5,transient,high,177,True
2025-02-03 04:16:17.696933,meter_009,bldg_5,outage,medium,208,True
2025-02-03 15:31:17.696933,meter_009,bldg_5,transient,low,171,True
2025-02-07 17:16:17.696933,meter_009,bldg_5,transient,low,49,True
2025-02-08 03:01:17.696933,meter_009,bldg_5,transient,high,217,False
2025-02-09 12:31:17.696933,meter_009,bldg_5,harmonic_distortion,high,142,False
2025-02-09 13:16:17.696933,meter_009,bldg_5,voltage_swell,low,30,True
2025-02-10 04:16:17.696933,meter_009,bldg_5,outage,high,46,False
2025-02-12 07:16:17.696933,meter_009,bldg_5,transient,medium,169,True
2025-02-14 08:01:17.696933,meter_009,bldg_5,outage,high,28,False
2025-02-14 23:01:17.696933,meter_009,bldg_5,transient,high,15,True
2025-02-15 15:16:17.696933,meter_009,bldg_5,harmonic_distortion,medium,106,False
2025-02-21 05:31:17.696933,meter_009,bldg_5,voltage_sag,high,263,False
2025-02-21 21:46:17.696933,meter_009,bldg_5,outage,medium,276,True
2025-02-26 19:16:17.696933,meter_009,bldg_5,current_surge,medium,48,True
2025-02-27 15:31:17.696933,meter_009,bldg_5,transient,medium,265,True
2025-02-27 16:31:17.696933,meter_009,bldg_5,harmonic_distortion,high,203,False
2025-03-04 01:46:17.696933,meter_009,bldg_5,harmonic_distortion,low,103,False
2025-03-04 14:01:17.696933,meter_009,bldg_5,transient,high,291,True
2025-03-05 01:16:17.696933,meter_009,bldg_5,harmonic_distortion,high,268,True
2025-03-05 19:46:17.696933,meter_009,bldg_5,transient,low,7,True
2025-03-06 18:31:17.696933,meter_009,bldg_5,current_surge,low,108,False
2025-03-09 05:31:17.696933,meter_009,bldg_5,voltage_sag,medium,251,False
2025-03-10 06:01:17.696933,meter_009,bldg_5,current_surge,high,240,False
2025-03-16 06:01:17.696933,meter_009,bldg_5,voltage_sag,low,252,False
2025-03-17 17:46:17.696933,meter_009,bldg_5,voltage_sag,medium,53,True
2025-03-19 19:01:17.696933,meter_009,bldg_5,harmonic_distortion,high,146,True
2025-03-23 04:31:17.696933,meter_009,bldg_5,outage,low,257,True
2025-03-26 08:16:17.696933,meter_009,bldg_5,voltage_sag,high,151,False
2025-03-26 13:46:17.696933,meter_009,bldg_5,harmonic_distortion,medium,256,True
2025-03-26 21:16:17.696933,meter_009,bldg_5,transient,medium,106,False
2025-03-29 16:31:17.696933,meter_009,bldg_5,outage,low,128,True
2025-04-02 22:46:17.696933,meter_009,bldg_5,voltage_swell,high,52,True
2025-04-04 13:46:17.696933,meter_009,bldg_5,transient,high,184,False
2025-04-04 19:46:17.696933,meter_009,bldg_5,voltage_swell,high,262,True
2025-04-06 01:01:17.696933,meter_009,bldg_5,transient,high,191,False
2025-04-06 05:16:17.696933,meter_009,bldg_5,transient,medium,207,True
2025-04-07 13:01:17.696933,meter_009,bldg_5,current_surge,medium,252,False
2025-04-08 06:31:17.696933,meter_009,bldg_5,harmonic_distortion,high,288,True
2025-04-11 00:46:17.696933,meter_009,bldg_5,outage,low,233,True
2025-04-11 08:16:17.696933,meter_009,bldg_5,transient,low,192,True
2025-04-13 10:46:17.696933,meter_009,bldg_5,transient,medium,126,True
2025-04-13 12:31:17.696933,meter_009,bldg_5,current_surge,low,263,False
2025-04-14 09:16:17.696933,meter_009,bldg_5,transient,low,256,False
2025-04-21 13:16:17.696933,meter_009,bldg_5,current_surge,low,146,False
2025-04-21 20:31:17.696933,meter_009,bldg_5,transient,low,43,True
2025-04-22 11:46:17.696933,meter_009,bldg_5,outage,medium,255,True
2025-04-23 23:01:17.696933,meter_009,bldg_5,outage,high,291,False
2025-04-27 15:01:17.696933,meter_009,bldg_5,voltage_sag,high,150,False
2025-04-27 18:16:17.696933,meter_009,bldg_5,outage,medium,169,False
2025-05-02 21:16:17.696933,meter_009,bldg_5,voltage_swell,medium,233,True
2025-05-04 08:46:17.696933,meter_009,bldg_5,outage,high,265,False
2025-05-05 18:01:17.696933,meter_009,bldg_5,current_surge,medium,226,False
2025-05-10 08:16:17.696933,meter_009,bldg_5,voltage_sag,low,260,False
2025-05-11 05:31:17.696933,meter_009,bldg_5,transient,high,1,False
2025-05-13 00:31:17.696933,meter_009,bldg_5,harmonic_distortion,medium,51,False
2025-05-13 21:31:17.696933,meter_009,bldg_5,harmonic_distortion,medium,68,True
2025-05-17 14:01:17.696933,meter_009,bldg_5,current_surge,medium,27,True
2025-05-21 04:31:17.696933,meter_009,bldg_5,current_surge,medium,35,False
2025-05-22 06:16:17.696933,meter_009,bldg_5,voltage_swell,high,139,True
2025-05-25 20:46:17.696933,meter_009,bldg_5,outage,medium,247,True
2025-05-26 10:16:17.696933,meter_009,bldg_5,harmonic_distortion,medium,283,True
2025-05-27 07:01:17.696933,meter_009,bldg_5,current_surge,low,49,True
2025-05-30 02:01:17.696933,meter_009,bldg_5,transient,high,167,True
2025-06-03 06:01:17.696933,meter_009,bldg_5,voltage_swell,low,206,True
2025-06-03 17:31:17.696933,meter_009,bldg_5,voltage_sag,medium,22,True
2024-12-09 20:46:17.696933,meter_010,bldg_1,current_surge,medium,76,True
2024-12-15 07:46:17.696933,meter_010,bldg_1,transient,high,193,True
2024-12-17 07:46:17.696933,meter_010,bldg_1,voltage_sag,low,85,True
2024-12-17 08:01:17.696933,meter_010,bldg_1,current_surge,high,130,True
2024-12-21 09:31:17.696933,meter_010,bldg_1,voltage_swell,high,269,False
2024-12-22 06:01:17.696933,meter_010,bldg_1,voltage_swell,medium,156,True
2024-12-27 23:46:17.696933,meter_010,bldg_1,transient,high,156,False
2024-12-28 20:01:17.696933,meter_010,bldg_1,voltage_sag,low,1,True
2024-12-29 12:01:17.696933,meter_010,bldg_1,current_surge,high,254,True
2024-12-29 17:31:17.696933,meter_010,bldg_1,current_surge,low,6,True
2025-01-02 01:01:17.696933,meter_010,bldg_1,harmonic_distortion,high,17,False
2025-01-03 00:01:17.696933,meter_010,bldg_1,transient,high,175,True
2025-01-03 18:16:17.696933,meter_010,bldg_1,outage,medium,140,False
2025-01-04 02:01:17.696933,meter_010,bldg_1,voltage_swell,low,261,False
2025-01-05 06:31:17.696933,meter_010,bldg_1,voltage_sag,low,210,True
2025-01-07 10:01:17.696933,meter_010,bldg_1,voltage_sag,low,130,False
2025-01-08 23:31:17.696933,meter_010,bldg_1,harmonic_distortion,high,45,False
2025-01-09 05:01:17.696933,meter_010,bldg_1,harmonic_distortion,low,249,True
2025-01-10 02:16:17.696933,meter_010,bldg_1,transient,medium,35,False
2025-01-10 16:46:17.696933,meter_010,bldg_1,voltage_swell,medium,182,True
2025-01-11 15:31:17.696933,meter_010,bldg_1,transient,high,186,True
2025-01-15 19:46:17.696933,meter_010,bldg_1,outage,medium,70,False
2025-01-16 05:46:17.696933,meter_010,bldg_1,outage,low,286,True
2025-01-17 02:31:17.696933,meter_010,bldg_1,outage,low,55,True
2025-01-17 21:16:17.696933,meter_010,bldg_1,outage,low,297,True
2025-01-21 09:16:17.696933,meter_010,bldg_1,outage,low,61,True
2025-01-25 12:46:17.696933,meter_010,bldg_1,voltage_sag,low,93,True
2025-01-25 16:16:17.696933,meter_010,bldg_1,transient,low,89,False
2025-01-26 11:01:17.696933,meter_010,bldg_1,voltage_sag,medium,159,True
2025-01-27 09:46:17.696933,meter_010,bldg_1,voltage_swell,medium,130,False
2025-02-10 00:31:17.696933,meter_010,bldg_1,voltage_sag,medium,43,True
2025-02-15 05:31:17.696933,meter_010,bldg_1,transient,medium,123,True
2025-02-16 08:31:17.696933,meter_010,bldg_1,transient,medium,35,False
2025-02-17 08:46:17.696933,meter_010,bldg_1,voltage_sag,low,176,True
2025-02-18 09:31:17.696933,meter_010,bldg_1,voltage_sag,high,40,False
2025-02-18 15:16:17.696933,meter_010,bldg_1,voltage_sag,low,140,True
2025-02-19 02:01:17.696933,meter_010,bldg_1,transient,high,32,False
2025-02-19 03:01:17.696933,meter_010,bldg_1,voltage_swell,high,134,True
2025-02-20 10:31:17.696933,meter_010,bldg_1,outage,high,85,False
2025-02-21 00:31:17.696933,meter_010,bldg_1,outage,low,230,False
2025-02-21 06:16:17.696933,meter_010,bldg_1,current_surge,low,199,True
2025-02-24 08:01:17.696933,meter_010,bldg_1,outage,low,165,False
2025-02-25 12:31:17.696933,meter_010,bldg_1,transient,low,236,False
2025-03-09 17:46:17.696933,meter_010,bldg_1,harmonic_distortion,low,282,False
2025-03-11 21:16:17.696933,meter_010,bldg_1,voltage_sag,low,27,True
2025-03-13 14:31:17.696933,meter_010,bldg_1,transient,high,26,True
2025-03-16 22:16:17.696933,meter_010,bldg_1,outage,medium,248,False
2025-03-18 07:16:17.696933,meter_010,bldg_1,transient,medium,92,True
2025-03-19 14:01:17.696933,meter_010,bldg_1,harmonic_distortion,high,78,False
2025-03-19 21:16:17.696933,meter_010,bldg_1,voltage_sag,medium,29,False
2025-03-22 02:46:17.696933,meter_010,bldg_1,outage,low,192,False
2025-03-23 20:16:17.696933,meter_010,bldg_1,current_surge,low,220,True
2025-03-24 16:31:17.696933,meter_010,bldg_1,outage,medium,71,False
2025-03-24 20:31:17.696933,meter_010,bldg_1,current_surge,low,291,False
2025-03-24 22:16:17.696933,meter_010,bldg_1,outage,low,255,True
2025-03-25 15:16:17.696933,meter_010,bldg_1,transient,high,123,False
2025-03-29 17:01:17.696933,meter_010,bldg_1,outage,high,30,True
2025-04-03 14:01:17.696933,meter_010,bldg_1,harmonic_distortion,low,288,True
2025-04-04 03:01:17.696933,meter_010,bldg_1,current_surge,high,220,False
2025-04-04 15:46:17.696933,meter_010,bldg_1,harmonic_distortion,medium,158,True
2025-04-04 21:46:17.696933,meter_010,bldg_1,outage,high,65,True
2025-04-08 17:01:17.696933,meter_010,bldg_1,voltage_sag,high,16,True
2025-04-10 00:31:17.696933,meter_010,bldg_1,voltage_sag,medium,238,False
2025-04-10 05:16:17.696933,meter_010,bldg_1,voltage_swell,low,172,True
2025-04-10 12:31:17.696933,meter_010,bldg_1,transient,high,169,False
2025-04-15 04:16:17.696933,meter_010,bldg_1,current_surge,medium,290,True
2025-04-17 03:46:17.696933,meter_010,bldg_1,current_surge,low,183,False
2025-04-18 13:16:17.696933,meter_010,bldg_1,transient,low,55,False
2025-04-24 03:01:17.696933,meter_010,bldg_1,voltage_sag,medium,50,False
2025-04-24 03:31:17.696933,meter_010,bldg_1,outage,low,63,True
2025-04-30 10:31:17.696933,meter_010,bldg_1,voltage_swell,medium,66,False
2025-04-30 12:16:17.696933,meter_010,bldg_1,outage,low,189,True
2025-04-30 21:46:17.696933,meter_010,bldg_1,harmonic_distortion,low,137,True
2025-05-01 22:16:17.696933,meter_010,bldg_1,harmonic_distortion,high,287,True
2025-05-02 13:31:17.696933,meter_010,bldg_1,voltage_swell,medium,267,False
2025-05-06 00:01:17.696933,meter_010,bldg_1,voltage_sag,medium,294,False
2025-05-10 07:16:17.696933,meter_010,bldg_1,transient,high,173,False
2025-05-11 22:31:17.696933,meter_010,bldg_1,voltage_sag,low,251,True
2025-05-12 16:16:17.696933,meter_010,bldg_1,voltage_swell,low,56,False
2025-05-13 18:31:17.696933,meter_010,bldg_1,transient,medium,150,False
2025-05-16 17:16:17.696933,meter_010,bldg_1,voltage_sag,low,188,True
2025-05-17 03:16:17.696933,meter_010,bldg_1,transient,high,110,True
2025-05-18 14:01:17.696933,meter_010,bldg_1,voltage_sag,low,262,True
2025-05-20 11:31:17.696933,meter_010,bldg_1,current_surge,low,51,True
2025-05-22 02:31:17.696933,meter_010,bldg_1,current_surge,high,110,True
2025-05-23 14:01:17.696933,meter_010,bldg_1,outage,high,143,False
2025-05-23 16:31:17.696933,meter_010,bldg_1,outage,low,241,True
2025-05-24 00:46:17.696933,meter_010,bldg_1,outage,low,281,False
2025-05-25 21:31:17.696933,meter_010,bldg_1,current_surge,high,296,True
2025-05-28 13:16:17.696933,meter_010,bldg_1,outage,medium,41,True
2025-05-28 16:01:17.696933,meter_010,bldg_1,current_surge,low,152,False
